#-1)Kurszusatz  G: Geld, Kauf>Verkauf; B: Brief, Kauf < Verkauf; b: bezahlt, Kauf=Verkauf; T: Taxe, kein Buy/Sell Order
#-2)Auftragtyp  B: Kauf,  S:Verkauf,  N:Wart  M: Mixed Order,  Order contains Buy and Sell Wish, it is created by Investor  
#-3)Limit=-1, -1 hat spezielle Bedeutung: billigsten Kauf bzw. Besten Verkauf
#-4)GewinnStatus *:Balance +:Gewinn -:Verlust 
#-5) Achtung: 
#-5) Wenn ReferenzTag = 0,  GewinnStatus ist jeden Tag gegen InitDepot ausgewertet.
#-6) Wenn ReferenzTag > 0,  GewinnStatus ist jeden Tag gegen Depot vor  X Tagen ausgewertet.
#-7) Investor BuyLimit  = IndividuellInnererWert * ( 1 - AbschlagProzent ) 
     Investor SellLimit = IndividuellInnererWert * ( 1 + AbschlagProzent ) 
#-8) Investor: Maximal Abweichung zu System InnererWert 5.0
     Investor: Minimal Abweichung zu System InnererWert -5.0
#-9) Investor: Eingesetztes Potenzial = PotenzialBase * ProzentialCounter  
     - Wenn ProzentialCounter Minus Wert ist, dann ist das Potenzial auch ein Minus Wert.
     - Wenn ProzentialCounter Plus Wert ist,  dann ist das Potenzial auch ein Plus Wert.
     - PotenzialProzent ist ein Parameter.
     - PotenzialBase wird nur bei (PozentialCounter=0) and (KursÄnderung ist größer als Threshold) berechnet, PotenzialBase = AktuellerSystemInnererWert * 0.2 * PotenuialProcent 
     - PotenzialProzent ist ein Parameter.
#-10) Investor Individuell InnererWert= SystemInnererWert + ZufallAbweichung + Potenzial 
      ZufallAbweichung kann minus/plus sein. 

Name;Tag;Type;State;ChangedReason;AktienAnzahl;Cash;Depot;RelativGewinn;RelativeGewinnProzent;AbsoluteGewinn;AbsoluteGewinnProzent;Order;BuyMenge;BuyLimit;SellMenge;SellLimit;Kurs;Kurszusatz;PerformedMenge;
V67; ;BlankoAgent; Individuelle Parameter: TimeWindowForAverageBuyLimit(Day)=8;ActivationThreshold(%)=5.0;DeactivationThreshold(%)=5.0;
V67;0000;BlankoAgent;initstate;;1000;100000;1100000;0;0,00;0;0,00;  ;   ;   ;   ;  ;0;
V67;0001;BlankoAgent;initstate;;1000;100000;1104000;0;0,00;4000;0,3636;  ;   ;   ;   ;  ;1004;
V67;0002;BlankoAgent;initstate;PriceWindow needs at least 8 days prices as basis.;1000;100000;1097000;0;0,00;-3000;-0,2727;  ;   ;   ;   ;  ;997;
V67;0003;BlankoAgent;initstate;PriceWindow needs at least 8 days prices as basis.;1000;100000;1104000;0;0,00;4000;0,3636;  ;   ;   ;   ;  ;1004;
V67;0004;BlankoAgent;initstate;PriceWindow needs at least 8 days prices as basis.;1000;100000;1094000;0;0,00;-6000;-0,5455;  ;   ;   ;   ;  ;994;
V67;0005;BlankoAgent;initstate;PriceWindow needs at least 8 days prices as basis.;1000;100000;1102000;0;0,00;2000;0,1818;  ;   ;   ;   ;  ;1002;
V67;0006;BlankoAgent;initstate;PriceWindow needs at least 8 days prices as basis.;1000;100000;1124000;0;0,00;24000;2,1818;  ;   ;   ;   ;  ;1024;
V67;0007;BlankoAgent;initstate;PriceWindow needs at least 8 days prices as basis.;1000;100000;1106000;0;0,00;6000;0,5455;  ;   ;   ;   ;  ;1006;
V67;0008;BlankoAgent;initstate;PriceWindow needs at least 8 days prices as basis.;1000;100000;1105000;0;0,00;5000;0,4545;  ;   ;   ;   ;  ;1005;
V67;0009;BlankoAgent;initstate;PriceWindow needs at least 8 days prices as basis.;1000;100000;1098000;0;0,00;-2000;-0,1818;  ;   ;   ;   ;  ;998;
V67;0010;BlankoAgent;initstate;PriceWindow needs at least 8 days prices as basis.;1000;100000;1100000;0;0,00;0;0,00;  ;   ;   ;   ;  ;1000;
V67;0011;BlankoAgent;initstate;CurpPrice=1000.0 Ref.Price=1004,00 DownProcent=0,3984;1000;100000;1091000;0;0,00;-9000;-0,8182;  ;   ;   ;   ;  ;991;
V67;0012;BlankoAgent;initstate;CurpPrice=991.0 Ref.Price=994,00 DownProcent=0,3018;1000;100000;1096000;0;0,00;-4000;-0,3636;  ;   ;   ;   ;  ;996;
V67;0013;BlankoAgent;initstate;CurpPrice=996.0 Ref.Price=1002,00 DownProcent=0,5988;1000;100000;1100000;0;0,00;0;0,00;  ;   ;   ;   ;  ;1000;
V67;0014;BlankoAgent;initstate;CurpPrice=1000.0 Ref.Price=1024,00 DownProcent=2,3438;1000;100000;1111000;0;0,00;11000;1,00;  ;   ;   ;   ;  ;1011;
V67;0015;BlankoAgent;initstate;CurPrice=1011.0 Ref.Price=1006,00 UpProcent=0,497;1000;100000;1100000;0;0,00;0;0,00;  ;   ;   ;   ;  ;1000;
V67;0016;BlankoAgent;initstate;CurpPrice=1000.0 Ref.Price=1005,00 DownProcent=0,4975;1000;100000;1099000;0;0,00;-1000;-0,0909;  ;   ;   ;   ;  ;999;
V67;0017;BlankoAgent;initstate;CurPrice=999.0 Ref.Price=998,00 UpProcent=0,1002;1000;100000;1122000;0;0,00;22000;2,00;  ;   ;   ;   ;  ;1022;
V67;0018;BlankoAgent;initstate;CurPrice=1022.0 Ref.Price=1000,00 UpProcent=2,20;1000;100000;1129000;0;0,00;29000;2,6364;  ;   ;   ;   ;  ;1029;
V67;0019;BlankoAgent;initstate;CurPrice=1029.0 Ref.Price=991,00 UpProcent=3,8345;1000;100000;1124000;0;0,00;24000;2,1818;  ;   ;   ;   ;  ;1024;
V67;0020;BlankoAgent;initstate;CurPrice=1024.0 Ref.Price=996,00 UpProcent=2,8112;1000;100000;1126000;26000;2,3636;26000;2,3636;  ;   ;   ;   ;  ;1026;
V67;0021;BlankoAgent;initstate;CurPrice=1026.0 Ref.Price=1000,00 UpProcent=2,60;1000;100000;1116000;12000;1,087;16000;1,4545;  ;   ;   ;   ;  ;1016;
V67;0022;BlankoAgent;initstate;CurPrice=1016.0 Ref.Price=1011,00 UpProcent=0,4946;1000;100000;1113000;16000;1,4585;13000;1,1818;  ;   ;   ;   ;  ;1013;
V67;0023;BlankoAgent;initstate;CurPrice=1013.0 Ref.Price=1000,00 UpProcent=1,30;1000;100000;1111000;7000;0,6341;11000;1,00;  ;   ;   ;   ;  ;1011;
V67;0024;BlankoAgent;initstate;CurPrice=1011.0 Ref.Price=999,00 UpProcent=1,2012;1000;100000;1099000;5000;0,457;-1000;-0,0909;  ;   ;   ;   ;  ;999;
V67;0025;BlankoAgent;initstate;CurpPrice=999.0 Ref.Price=1022,00 DownProcent=2,2505;1000;100000;1093000;-9000;-0,8167;-7000;-0,6364;  ;   ;   ;   ;  ;993;
V67;0026;BlankoAgent;initstate;CurpPrice=993.0 Ref.Price=1029,00 DownProcent=3,4985;1000;100000;1093000;-31000;-2,758;-7000;-0,6364;  ;   ;   ;   ;  ;993;
V67;0027;BlankoAgent;initstate;CurpPrice=993.0 Ref.Price=1024,00 DownProcent=3,0273;1000;100000;1096000;-10000;-0,9042;-4000;-0,3636;  ;   ;   ;   ;  ;996;
V67;0028;BlankoAgent;initstate;CurpPrice=996.0 Ref.Price=1026,00 DownProcent=2,924;1000;100000;1100000;-5000;-0,4525;0;0,00;  ;   ;   ;   ;  ;1000;
V67;0029;BlankoAgent;initstate;CurpPrice=1000.0 Ref.Price=1016,00 DownProcent=1,5748;1000;100000;1097000;-1000;-0,0911;-3000;-0,2727;  ;   ;   ;   ;  ;997;
V67;0030;BlankoAgent;initstate;CurpPrice=997.0 Ref.Price=1013,00 DownProcent=1,5795;1000;100000;1094000;-6000;-0,5455;-6000;-0,5455;  ;   ;   ;   ;  ;994;
V67;0031;BlankoAgent;initstate;CurpPrice=994.0 Ref.Price=1011,00 DownProcent=1,6815;1000;100000;1092000;1000;0,0917;-8000;-0,7273;  ;   ;   ;   ;  ;992;
V67;0032;BlankoAgent;initstate;CurpPrice=992.0 Ref.Price=999,00 DownProcent=0,7007;1000;100000;1092000;-4000;-0,365;-8000;-0,7273;  ;   ;   ;   ;  ;992;
V67;0033;BlankoAgent;initstate;CurpPrice=992.0 Ref.Price=993,00 DownProcent=0,1007;1000;100000;1088000;-12000;-1,0909;-12000;-1,0909;  ;   ;   ;   ;  ;988;
V67;0034;BlankoAgent;initstate;CurpPrice=988.0 Ref.Price=993,00 DownProcent=0,5035;1000;100000;1087000;-24000;-2,1602;-13000;-1,1818;  ;   ;   ;   ;  ;987;
V67;0035;BlankoAgent;initstate;CurpPrice=987.0 Ref.Price=996,00 DownProcent=0,9036;1000;100000;1084000;-16000;-1,4545;-16000;-1,4545;  ;   ;   ;   ;  ;984;
V67;0036;BlankoAgent;initstate;CurpPrice=984.0 Ref.Price=1000,00 DownProcent=1,60;1000;100000;1091000;-8000;-0,7279;-9000;-0,8182;  ;   ;   ;   ;  ;991;
V67;0037;BlankoAgent;initstate;CurpPrice=991.0 Ref.Price=997,00 DownProcent=0,6018;1000;100000;1086000;-36000;-3,2086;-14000;-1,2727;  ;   ;   ;   ;  ;986;
V67;0038;BlankoAgent;initstate;CurpPrice=986.0 Ref.Price=994,00 DownProcent=0,8048;1000;100000;1084000;-45000;-3,9858;-16000;-1,4545;  ;   ;   ;   ;  ;984;
V67;0039;BlankoAgent;initstate;CurpPrice=984.0 Ref.Price=992,00 DownProcent=0,8065;1000;100000;1088000;-36000;-3,2028;-12000;-1,0909;  ;   ;   ;   ;  ;988;
V67;0040;BlankoAgent;initstate;CurpPrice=988.0 Ref.Price=992,00 DownProcent=0,4032;1000;100000;1086000;-40000;-3,5524;-14000;-1,2727;  ;   ;   ;   ;  ;986;
V67;0041;BlankoAgent;initstate;CurpPrice=986.0 Ref.Price=988,00 DownProcent=0,2024;1000;100000;1083000;-33000;-2,957;-17000;-1,5455;  ;   ;   ;   ;  ;983;
V67;0042;BlankoAgent;initstate;CurpPrice=983.0 Ref.Price=987,00 DownProcent=0,4053;1000;100000;1092000;-21000;-1,8868;-8000;-0,7273;  ;   ;   ;   ;  ;992;
V67;0043;BlankoAgent;initstate;CurPrice=992.0 Ref.Price=984,00 UpProcent=0,813;1000;100000;1091000;-20000;-1,8002;-9000;-0,8182;  ;   ;   ;   ;  ;991;
V67;0044;BlankoAgent;initstate;CurpPrice=991.0 Ref.Price=991,00 DownProcent=0,00;1000;100000;1078000;-21000;-1,9108;-22000;-2,00;  ;   ;   ;   ;  ;978;
V67;0045;BlankoAgent;initstate;CurpPrice=978.0 Ref.Price=986,00 DownProcent=0,8114;1000;100000;1079000;-14000;-1,2809;-21000;-1,9091;  ;   ;   ;   ;  ;979;
V67;0046;BlankoAgent;initstate;CurpPrice=979.0 Ref.Price=984,00 DownProcent=0,5081;1000;100000;1079000;-14000;-1,2809;-21000;-1,9091;  ;   ;   ;   ;  ;979;
V67;0047;BlankoAgent;initstate;CurpPrice=979.0 Ref.Price=988,00 DownProcent=0,9109;1000;100000;1079000;-17000;-1,5511;-21000;-1,9091;  ;   ;   ;   ;  ;979;
V67;0048;BlankoAgent;initstate;CurpPrice=979.0 Ref.Price=986,00 DownProcent=0,7099;1000;100000;1075000;-25000;-2,2727;-25000;-2,2727;  ;   ;   ;   ;  ;975;
V67;0049;BlankoAgent;initstate;CurpPrice=975.0 Ref.Price=983,00 DownProcent=0,8138;1000;100000;1093000;-4000;-0,3646;-7000;-0,6364;  ;   ;   ;   ;  ;993;
V67;0050;BlankoAgent;initstate;CurPrice=993.0 Ref.Price=992,00 UpProcent=0,1008;1000;100000;1089000;-5000;-0,457;-11000;-1,00;  ;   ;   ;   ;  ;989;
V67;0051;BlankoAgent;initstate;CurpPrice=989.0 Ref.Price=991,00 DownProcent=0,2018;1000;100000;1096000;4000;0,3663;-4000;-0,3636;  ;   ;   ;   ;  ;996;
V67;0052;BlankoAgent;initstate;CurPrice=996.0 Ref.Price=978,00 UpProcent=1,8405;1000;100000;1108000;16000;1,4652;8000;0,7273;  ;   ;   ;   ;  ;1008;
V67;0053;BlankoAgent;initstate;CurPrice=1008.0 Ref.Price=979,00 UpProcent=2,9622;1000;100000;1116000;28000;2,5735;16000;1,4545;  ;   ;   ;   ;  ;1016;
V67;0054;BlankoAgent;initstate;CurPrice=1016.0 Ref.Price=979,00 UpProcent=3,7794;1000;100000;1109000;22000;2,0239;9000;0,8182;  ;   ;   ;   ;  ;1009;
V67;0055;BlankoAgent;initstate;CurPrice=1009.0 Ref.Price=979,00 UpProcent=3,0644;1000;100000;1095000;11000;1,0148;-5000;-0,4545;  ;   ;   ;   ;  ;995;
V67;0056;BlankoAgent;initstate;CurPrice=995.0 Ref.Price=975,00 UpProcent=2,0513;1000;100000;1099000;8000;0,7333;-1000;-0,0909;  ;   ;   ;   ;  ;999;
V67;0057;BlankoAgent;initstate;CurPrice=999.0 Ref.Price=993,00 UpProcent=0,6042;1000;100000;1107000;21000;1,9337;7000;0,6364;  ;   ;   ;   ;  ;1007;
V67;0058;BlankoAgent;initstate;CurPrice=1007.0 Ref.Price=989,00 UpProcent=1,82;1000;100000;1096000;12000;1,107;-4000;-0,3636;  ;   ;   ;   ;  ;996;
V67;0059;BlankoAgent;initstate;CurpPrice=996.0 Ref.Price=996,00 DownProcent=0,00;1000;100000;1105000;17000;1,5625;5000;0,4545;  ;   ;   ;   ;  ;1005;
V67;0060;BlankoAgent;initstate;CurpPrice=1005.0 Ref.Price=1008,00 DownProcent=0,2976;1000;100000;1099000;13000;1,1971;-1000;-0,0909;  ;   ;   ;   ;  ;999;
V67;0061;BlankoAgent;initstate;CurpPrice=999.0 Ref.Price=1016,00 DownProcent=1,6732;1000;100000;1105000;22000;2,0314;5000;0,4545;  ;   ;   ;   ;  ;1005;
V67;0062;BlankoAgent;initstate;CurpPrice=1005.0 Ref.Price=1009,00 DownProcent=0,3964;1000;100000;1100000;8000;0,7326;0;0,00;  ;   ;   ;   ;  ;1000;
V67;0063;BlankoAgent;initstate;CurPrice=1000.0 Ref.Price=995,00 UpProcent=0,5025;1000;100000;1106000;15000;1,3749;6000;0,5455;  ;   ;   ;   ;  ;1006;
V67;0064;BlankoAgent;initstate;CurPrice=1006.0 Ref.Price=999,00 UpProcent=0,7007;1000;100000;1109000;31000;2,8757;9000;0,8182;  ;   ;   ;   ;  ;1009;
V67;0065;BlankoAgent;initstate;CurPrice=1009.0 Ref.Price=1007,00 UpProcent=0,1986;1000;100000;1115000;36000;3,3364;15000;1,3636;  ;   ;   ;   ;  ;1015;
V67;0066;BlankoAgent;initstate;CurPrice=1015.0 Ref.Price=996,00 UpProcent=1,9076;1000;100000;1104000;25000;2,317;4000;0,3636;  ;   ;   ;   ;  ;1004;
V67;0067;BlankoAgent;initstate;CurpPrice=1004.0 Ref.Price=1005,00 DownProcent=0,0995;1000;100000;1106000;27000;2,5023;6000;0,5455;  ;   ;   ;   ;  ;1006;
V67;0068;BlankoAgent;initstate;CurPrice=1006.0 Ref.Price=999,00 UpProcent=0,7007;1000;100000;1107000;32000;2,9767;7000;0,6364;  ;   ;   ;   ;  ;1007;
V67;0069;BlankoAgent;initstate;CurPrice=1007.0 Ref.Price=1005,00 UpProcent=0,199;1000;100000;1096000;3000;0,2745;-4000;-0,3636;  ;   ;   ;   ;  ;996;
V67;0070;BlankoAgent;initstate;CurpPrice=996.0 Ref.Price=1000,00 DownProcent=0,40;1000;100000;1094000;5000;0,4591;-6000;-0,5455;  ;   ;   ;   ;  ;994;
V67;0071;BlankoAgent;initstate;CurpPrice=994.0 Ref.Price=1006,00 DownProcent=1,1928;1000;100000;1093000;-3000;-0,2737;-7000;-0,6364;  ;   ;   ;   ;  ;993;
V67;0072;BlankoAgent;initstate;CurpPrice=993.0 Ref.Price=1009,00 DownProcent=1,5857;1000;100000;1082000;-26000;-2,3466;-18000;-1,6364;  ;   ;   ;   ;  ;982;
V67;0073;BlankoAgent;initstate;CurpPrice=982.0 Ref.Price=1015,00 DownProcent=3,2512;1000;100000;1091000;-25000;-2,2401;-9000;-0,8182;  ;   ;   ;   ;  ;991;
V67;0074;BlankoAgent;initstate;CurpPrice=991.0 Ref.Price=1004,00 DownProcent=1,2948;1000;100000;1079000;-30000;-2,7051;-21000;-1,9091;  ;   ;   ;   ;  ;979;
V67;0075;BlankoAgent;initstate;CurpPrice=979.0 Ref.Price=1006,00 DownProcent=2,6839;1000;100000;1073000;-22000;-2,0091;-27000;-2,4545;  ;   ;   ;   ;  ;973;
V67;0076;BlankoAgent;initstate;CurpPrice=973.0 Ref.Price=1007,00 DownProcent=3,3764;1000;100000;1071000;-28000;-2,5478;-29000;-2,6364;  ;   ;   ;   ;  ;971;
V67;0077;BlankoAgent;initstate;CurpPrice=971.0 Ref.Price=996,00 DownProcent=2,51;1000;100000;1068000;-39000;-3,523;-32000;-2,9091;  ;   ;   ;   ;  ;968;
V67;0078;BlankoAgent;initstate;CurpPrice=968.0 Ref.Price=994,00 DownProcent=2,6157;1000;100000;1058000;-38000;-3,4672;-42000;-3,8182;  ;   ;   ;   ;  ;958;
V67;0079;BlankoAgent;initstate;CurpPrice=958.0 Ref.Price=993,00 DownProcent=3,5247;1000;100000;1049000;-56000;-5,0679;-51000;-4,6364;  ;   ;   ;   ;  ;949;
V67;0080;BlankoAgent;initstate;CurpPrice=949.0 Ref.Price=982,00 DownProcent=3,3605;1000;100000;1045000;-54000;-4,9136;-55000;-5,00;  ;   ;   ;   ;  ;945;
V67;0081;BlankoAgent;initstate;CurpPrice=945.0 Ref.Price=991,00 DownProcent=4,6418;1000;100000;1052000;-53000;-4,7964;-48000;-4,3636;  ;   ;   ;   ;  ;952;
V67;0082;BlankoAgent;initstate;CurpPrice=952.0 Ref.Price=979,00 DownProcent=2,7579;1000;100000;1045000;-55000;-5,00;-55000;-5,00;  ;   ;   ;   ;  ;945;
V67;0083;BlankoAgent;initstate;CurpPrice=945.0 Ref.Price=973,00 DownProcent=2,8777;1000;100000;1039000;-67000;-6,0579;-61000;-5,5455;  ;   ;   ;   ;  ;939;
V67;0084;BlankoAgent;initstate;CurpPrice=939.0 Ref.Price=971,00 DownProcent=3,2956;1000;100000;1070000;-39000;-3,5167;-30000;-2,7273;  ;   ;   ;   ;  ;970;
V67;0085;BlankoAgent;initstate;CurPrice=970.0 Ref.Price=968,00 UpProcent=0,2066;1000;100000;1068000;-47000;-4,2152;-32000;-2,9091;  ;   ;   ;   ;  ;968;
V67;0086;BlankoAgent;initstate;CurPrice=968.0 Ref.Price=958,00 UpProcent=1,0438;1000;100000;1068000;-36000;-3,2609;-32000;-2,9091;  ;   ;   ;   ;  ;968;
V67;0087;BlankoAgent;initstate;CurPrice=968.0 Ref.Price=949,00 UpProcent=2,0021;1000;100000;1066000;-40000;-3,6166;-34000;-3,0909;  ;   ;   ;   ;  ;966;
V67;0088;BlankoAgent;initstate;CurPrice=966.0 Ref.Price=945,00 UpProcent=2,2222;1000;100000;1063000;-44000;-3,9747;-37000;-3,3636;  ;   ;   ;   ;  ;963;
V67;0089;BlankoAgent;initstate;CurPrice=963.0 Ref.Price=952,00 UpProcent=1,1555;1000;100000;1061000;-35000;-3,1934;-39000;-3,5455;  ;   ;   ;   ;  ;961;
V67;0090;BlankoAgent;initstate;CurPrice=961.0 Ref.Price=945,00 UpProcent=1,6931;1000;100000;1066000;-28000;-2,5594;-34000;-3,0909;  ;   ;   ;   ;  ;966;
V67;0091;BlankoAgent;initstate;CurPrice=966.0 Ref.Price=939,00 UpProcent=2,8754;1000;100000;1067000;-26000;-2,3788;-33000;-3,00;  ;   ;   ;   ;  ;967;
V67;0092;BlankoAgent;initstate;CurpPrice=967.0 Ref.Price=970,00 DownProcent=0,3093;1000;100000;1073000;-9000;-0,8318;-27000;-2,4545;  ;   ;   ;   ;  ;973;
V67;0093;BlankoAgent;initstate;CurPrice=973.0 Ref.Price=968,00 UpProcent=0,5165;1000;100000;1071000;-20000;-1,8332;-29000;-2,6364;  ;   ;   ;   ;  ;971;
V67;0094;BlankoAgent;initstate;CurPrice=971.0 Ref.Price=968,00 UpProcent=0,3099;1000;100000;1061000;-18000;-1,6682;-39000;-3,5455;  ;   ;   ;   ;  ;961;
V67;0095;BlankoAgent;initstate;CurpPrice=961.0 Ref.Price=966,00 DownProcent=0,5176;1000;100000;1068000;-5000;-0,466;-32000;-2,9091;  ;   ;   ;   ;  ;968;
V67;0096;BlankoAgent;initstate;CurPrice=968.0 Ref.Price=963,00 UpProcent=0,5192;1000;100000;1070000;-1000;-0,0934;-30000;-2,7273;  ;   ;   ;   ;  ;970;
V67;0097;BlankoAgent;initstate;CurPrice=970.0 Ref.Price=961,00 UpProcent=0,9365;1000;100000;1079000;11000;1,03;-21000;-1,9091;  ;   ;   ;   ;  ;979;
V67;0098;BlankoAgent;initstate;CurPrice=979.0 Ref.Price=966,00 UpProcent=1,3458;1000;100000;1078000;20000;1,8904;-22000;-2,00;  ;   ;   ;   ;  ;978;
V67;0099;BlankoAgent;initstate;CurPrice=978.0 Ref.Price=967,00 UpProcent=1,1375;1000;100000;1081000;32000;3,0505;-19000;-1,7273;  ;   ;   ;   ;  ;981;
V67;0100;BlankoAgent;initstate;CurPrice=981.0 Ref.Price=973,00 UpProcent=0,8222;1000;100000;1075000;30000;2,8708;-25000;-2,2727;  ;   ;   ;   ;  ;975;
V67;0101;BlankoAgent;initstate;CurPrice=975.0 Ref.Price=971,00 UpProcent=0,4119;1000;100000;1077000;25000;2,3764;-23000;-2,0909;  ;   ;   ;   ;  ;977;
V67;0102;BlankoAgent;initstate;CurPrice=977.0 Ref.Price=961,00 UpProcent=1,6649;1000;100000;1082000;37000;3,5407;-18000;-1,6364;  ;   ;   ;   ;  ;982;
V67;0103;BlankoAgent;initstate;CurPrice=982.0 Ref.Price=968,00 UpProcent=1,4463;1000;100000;1084000;45000;4,3311;-16000;-1,4545;  ;   ;   ;   ;  ;984;
V67;0104;BlankoAgent;initstate;CurPrice=984.0 Ref.Price=970,00 UpProcent=1,4433;1000;100000;1067000;-3000;-0,2804;-33000;-3,00;  ;   ;   ;   ;  ;967;
V67;0105;BlankoAgent;initstate;CurpPrice=967.0 Ref.Price=979,00 DownProcent=1,2257;1000;100000;1058000;-10000;-0,9363;-42000;-3,8182;  ;   ;   ;   ;  ;958;
V67;0106;BlankoAgent;initstate;CurpPrice=958.0 Ref.Price=978,00 DownProcent=2,045;1000;100000;1066000;-2000;-0,1873;-34000;-3,0909;  ;   ;   ;   ;  ;966;
V67;0107;BlankoAgent;initstate;CurpPrice=966.0 Ref.Price=981,00 DownProcent=1,5291;1000;100000;1056000;-10000;-0,9381;-44000;-4,00;  ;   ;   ;   ;  ;956;
V67;0108;BlankoAgent;initstate;CurpPrice=956.0 Ref.Price=975,00 DownProcent=1,9487;1000;100000;1059000;-4000;-0,3763;-41000;-3,7273;  ;   ;   ;   ;  ;959;
V67;0109;BlankoAgent;initstate;CurpPrice=959.0 Ref.Price=977,00 DownProcent=1,8424;1000;100000;1064000;3000;0,2828;-36000;-3,2727;  ;   ;   ;   ;  ;964;
V67;0110;BlankoAgent;initstate;CurpPrice=964.0 Ref.Price=982,00 DownProcent=1,833;1000;100000;1065000;-1000;-0,0938;-35000;-3,1818;  ;   ;   ;   ;  ;965;
V67;0111;BlankoAgent;initstate;CurpPrice=965.0 Ref.Price=984,00 DownProcent=1,9309;1000;100000;1060000;-7000;-0,656;-40000;-3,6364;  ;   ;   ;   ;  ;960;
V67;0112;BlankoAgent;initstate;CurpPrice=960.0 Ref.Price=967,00 DownProcent=0,7239;1000;100000;1067000;-6000;-0,5592;-33000;-3,00;  ;   ;   ;   ;  ;967;
V67;0113;BlankoAgent;initstate;CurPrice=967.0 Ref.Price=958,00 UpProcent=0,9395;1000;100000;1064000;-7000;-0,6536;-36000;-3,2727;  ;   ;   ;   ;  ;964;
V67;0114;BlankoAgent;initstate;CurpPrice=964.0 Ref.Price=966,00 DownProcent=0,207;1000;100000;1067000;6000;0,5655;-33000;-3,00;  ;   ;   ;   ;  ;967;
V67;0115;BlankoAgent;initstate;CurPrice=967.0 Ref.Price=956,00 UpProcent=1,1506;1000;100000;1065000;-3000;-0,2809;-35000;-3,1818;  ;   ;   ;   ;  ;965;
V67;0116;BlankoAgent;initstate;CurPrice=965.0 Ref.Price=959,00 UpProcent=0,6257;1000;100000;1070000;0;0,00;-30000;-2,7273;  ;   ;   ;   ;  ;970;
V67;0117;BlankoAgent;initstate;CurPrice=970.0 Ref.Price=964,00 UpProcent=0,6224;1000;100000;1075000;-4000;-0,3707;-25000;-2,2727;  ;   ;   ;   ;  ;975;
V67;0118;BlankoAgent;initstate;CurPrice=975.0 Ref.Price=965,00 UpProcent=1,0363;1000;100000;1065000;-13000;-1,2059;-35000;-3,1818;  ;   ;   ;   ;  ;965;
V67;0119;BlankoAgent;initstate;CurPrice=965.0 Ref.Price=960,00 UpProcent=0,5208;1000;100000;1076000;-5000;-0,4625;-24000;-2,1818;  ;   ;   ;   ;  ;976;
V67;0120;BlankoAgent;initstate;CurPrice=976.0 Ref.Price=967,00 UpProcent=0,9307;1000;100000;1068000;-7000;-0,6512;-32000;-2,9091;  ;   ;   ;   ;  ;968;
V67;0121;BlankoAgent;initstate;CurPrice=968.0 Ref.Price=964,00 UpProcent=0,4149;1000;100000;1072000;-5000;-0,4643;-28000;-2,5455;  ;   ;   ;   ;  ;972;
V67;0122;BlankoAgent;initstate;CurPrice=972.0 Ref.Price=967,00 UpProcent=0,5171;1000;100000;1085000;3000;0,2773;-15000;-1,3636;  ;   ;   ;   ;  ;985;
V67;0123;BlankoAgent;initstate;CurPrice=985.0 Ref.Price=965,00 UpProcent=2,0725;1000;100000;1098000;14000;1,2915;-2000;-0,1818;  ;   ;   ;   ;  ;998;
V67;0124;BlankoAgent;initstate;CurPrice=998.0 Ref.Price=970,00 UpProcent=2,8866;1000;100000;1105000;38000;3,5614;5000;0,4545;  ;   ;   ;   ;  ;1005;
V67;0125;BlankoAgent;initstate;CurPrice=1005.0 Ref.Price=975,00 UpProcent=3,0769;1000;100000;1100000;42000;3,9698;0;0,00;  ;   ;   ;   ;  ;1000;
V67;0126;BlankoAgent;initstate;CurPrice=1000.0 Ref.Price=965,00 UpProcent=3,6269;1000;100000;1090000;24000;2,2514;-10000;-0,9091;  ;   ;   ;   ;  ;990;
V67;0127;BlankoAgent;initstate;CurPrice=990.0 Ref.Price=976,00 UpProcent=1,4344;1000;100000;1090000;34000;3,2197;-10000;-0,9091;  ;   ;   ;   ;  ;990;
V67;0128;BlankoAgent;initstate;CurPrice=990.0 Ref.Price=968,00 UpProcent=2,2727;1000;100000;1081000;22000;2,0774;-19000;-1,7273;  ;   ;   ;   ;  ;981;
V67;0129;BlankoAgent;initstate;CurPrice=981.0 Ref.Price=972,00 UpProcent=0,9259;1000;100000;1084000;20000;1,8797;-16000;-1,4545;  ;   ;   ;   ;  ;984;
V67;0130;BlankoAgent;initstate;CurpPrice=984.0 Ref.Price=985,00 DownProcent=0,1015;1000;100000;1087000;22000;2,0657;-13000;-1,1818;  ;   ;   ;   ;  ;987;
V67;0131;BlankoAgent;initstate;CurpPrice=987.0 Ref.Price=998,00 DownProcent=1,1022;1000;100000;1083000;23000;2,1698;-17000;-1,5455;  ;   ;   ;   ;  ;983;
V67;0132;BlankoAgent;initstate;CurpPrice=983.0 Ref.Price=1005,00 DownProcent=2,1891;1000;100000;1084000;17000;1,5933;-16000;-1,4545;  ;   ;   ;   ;  ;984;
V67;0133;BlankoAgent;initstate;CurpPrice=984.0 Ref.Price=1000,00 DownProcent=1,60;1000;100000;1100000;36000;3,3835;0;0,00;  ;   ;   ;   ;  ;1000;
V67;0134;BlankoAgent;initstate;CurPrice=1000.0 Ref.Price=990,00 UpProcent=1,0101;1000;100000;1099000;32000;2,9991;-1000;-0,0909;  ;   ;   ;   ;  ;999;
V67;0135;BlankoAgent;initstate;CurPrice=999.0 Ref.Price=990,00 UpProcent=0,9091;1000;100000;1102000;37000;3,4742;2000;0,1818;  ;   ;   ;   ;  ;1002;
V67;0136;BlankoAgent;initstate;CurPrice=1002.0 Ref.Price=981,00 UpProcent=2,1407;1000;100000;1107000;37000;3,4579;7000;0,6364;  ;   ;   ;   ;  ;1007;
V67;0137;BlankoAgent;initstate;CurPrice=1007.0 Ref.Price=984,00 UpProcent=2,3374;1000;100000;1116000;41000;3,814;16000;1,4545;  ;   ;   ;   ;  ;1016;
V67;0138;BlankoAgent;initstate;CurPrice=1016.0 Ref.Price=987,00 UpProcent=2,9382;1000;100000;1102000;37000;3,4742;2000;0,1818;  ;   ;   ;   ;  ;1002;
V67;0139;BlankoAgent;initstate;CurPrice=1002.0 Ref.Price=983,00 UpProcent=1,9329;1000;100000;1120000;44000;4,0892;20000;1,8182;  ;   ;   ;   ;  ;1020;
V67;0140;BlankoAgent;initstate;CurPrice=1020.0 Ref.Price=984,00 UpProcent=3,6585;1000;100000;1109000;41000;3,839;9000;0,8182;  ;   ;   ;   ;  ;1009;
V67;0141;BlankoAgent;initstate;CurPrice=1009.0 Ref.Price=1000,00 UpProcent=0,90;1000;100000;1103000;31000;2,8918;3000;0,2727;  ;   ;   ;   ;  ;1003;
V67;0142;BlankoAgent;initstate;CurPrice=1003.0 Ref.Price=999,00 UpProcent=0,4004;1000;100000;1101000;16000;1,4747;1000;0,0909;  ;   ;   ;   ;  ;1001;
V67;0143;BlankoAgent;initstate;CurpPrice=1001.0 Ref.Price=1002,00 DownProcent=0,0998;1000;100000;1097000;-1000;-0,0911;-3000;-0,2727;  ;   ;   ;   ;  ;997;
V67;0144;BlankoAgent;initstate;CurpPrice=997.0 Ref.Price=1007,00 DownProcent=0,993;1000;100000;1096000;-9000;-0,8145;-4000;-0,3636;  ;   ;   ;   ;  ;996;
V67;0145;BlankoAgent;initstate;CurpPrice=996.0 Ref.Price=1016,00 DownProcent=1,9685;1000;100000;1100000;0;0,00;0;0,00;  ;   ;   ;   ;  ;1000;
V67;0146;BlankoAgent;initstate;CurpPrice=1000.0 Ref.Price=1002,00 DownProcent=0,1996;1000;100000;1091000;1000;0,0917;-9000;-0,8182;  ;   ;   ;   ;  ;991;
V67;0147;BlankoAgent;initstate;CurpPrice=991.0 Ref.Price=1020,00 DownProcent=2,8431;1000;100000;1080000;-10000;-0,9174;-20000;-1,8182;  ;   ;   ;   ;  ;980;
V67;0148;BlankoAgent;initstate;CurpPrice=980.0 Ref.Price=1009,00 DownProcent=2,8741;1000;100000;1077000;-4000;-0,37;-23000;-2,0909;  ;   ;   ;   ;  ;977;
V67;0149;BlankoAgent;initstate;CurpPrice=977.0 Ref.Price=1003,00 DownProcent=2,5922;1000;100000;1076000;-8000;-0,738;-24000;-2,1818;  ;   ;   ;   ;  ;976;
V67;0150;BlankoAgent;initstate;CurpPrice=976.0 Ref.Price=1001,00 DownProcent=2,4975;1000;100000;1069000;-18000;-1,6559;-31000;-2,8182;  ;   ;   ;   ;  ;969;
V67;0151;BlankoAgent;initstate;CurpPrice=969.0 Ref.Price=997,00 DownProcent=2,8084;1000;100000;1070000;-13000;-1,2004;-30000;-2,7273;  ;   ;   ;   ;  ;970;
V67;0152;BlankoAgent;initstate;CurpPrice=970.0 Ref.Price=996,00 DownProcent=2,6104;1000;100000;1074000;-10000;-0,9225;-26000;-2,3636;  ;   ;   ;   ;  ;974;
V67;0153;BlankoAgent;initstate;CurpPrice=974.0 Ref.Price=1000,00 DownProcent=2,60;1000;100000;1067000;-33000;-3,00;-33000;-3,00;  ;   ;   ;   ;  ;967;
V67;0154;BlankoAgent;initstate;CurpPrice=967.0 Ref.Price=991,00 DownProcent=2,4218;1000;100000;1059000;-40000;-3,6397;-41000;-3,7273;  ;   ;   ;   ;  ;959;
V67;0155;BlankoAgent;initstate;CurpPrice=959.0 Ref.Price=980,00 DownProcent=2,1429;1000;100000;1063000;-39000;-3,539;-37000;-3,3636;  ;   ;   ;   ;  ;963;
V67;0156;BlankoAgent;initstate;CurpPrice=963.0 Ref.Price=977,00 DownProcent=1,433;1000;100000;1068000;-39000;-3,523;-32000;-2,9091;  ;   ;   ;   ;  ;968;
V67;0157;BlankoAgent;initstate;CurpPrice=968.0 Ref.Price=976,00 DownProcent=0,8197;1000;100000;1070000;-46000;-4,1219;-30000;-2,7273;  ;   ;   ;   ;  ;970;
V67;0158;BlankoAgent;initstate;CurPrice=970.0 Ref.Price=969,00 UpProcent=0,1032;1000;100000;1080000;-22000;-1,9964;-20000;-1,8182;  ;   ;   ;   ;  ;980;
V67;0159;BlankoAgent;initstate;CurPrice=980.0 Ref.Price=970,00 UpProcent=1,0309;1000;100000;1077000;-43000;-3,8393;-23000;-2,0909;  ;   ;   ;   ;  ;977;
V67;0160;BlankoAgent;initstate;CurPrice=977.0 Ref.Price=974,00 UpProcent=0,308;1000;100000;1086000;-23000;-2,0739;-14000;-1,2727;  ;   ;   ;   ;  ;986;
V67;0161;BlankoAgent;initstate;CurPrice=986.0 Ref.Price=967,00 UpProcent=1,9648;1000;100000;1079000;-24000;-2,1759;-21000;-1,9091;  ;   ;   ;   ;  ;979;
V67;0162;BlankoAgent;initstate;CurPrice=979.0 Ref.Price=959,00 UpProcent=2,0855;1000;100000;1088000;-13000;-1,1807;-12000;-1,0909;  ;   ;   ;   ;  ;988;
V67;0163;BlankoAgent;initstate;CurPrice=988.0 Ref.Price=963,00 UpProcent=2,5961;1000;100000;1085000;-12000;-1,0939;-15000;-1,3636;  ;   ;   ;   ;  ;985;
V67;0164;BlankoAgent;initstate;CurPrice=985.0 Ref.Price=968,00 UpProcent=1,7562;1000;100000;1090000;-6000;-0,5474;-10000;-0,9091;  ;   ;   ;   ;  ;990;
V67;0165;BlankoAgent;initstate;CurPrice=990.0 Ref.Price=970,00 UpProcent=2,0619;1000;100000;1085000;-15000;-1,3636;-15000;-1,3636;  ;   ;   ;   ;  ;985;
V67;0166;BlankoAgent;initstate;CurPrice=985.0 Ref.Price=980,00 UpProcent=0,5102;1000;100000;1085000;-6000;-0,55;-15000;-1,3636;  ;   ;   ;   ;  ;985;
V67;0167;BlankoAgent;initstate;CurPrice=985.0 Ref.Price=977,00 UpProcent=0,8188;1000;100000;1076000;-4000;-0,3704;-24000;-2,1818;  ;   ;   ;   ;  ;976;
V67;0168;BlankoAgent;initstate;CurpPrice=976.0 Ref.Price=986,00 DownProcent=1,0142;1000;100000;1075000;-2000;-0,1857;-25000;-2,2727;  ;   ;   ;   ;  ;975;
V67;0169;BlankoAgent;initstate;CurpPrice=975.0 Ref.Price=979,00 DownProcent=0,4086;1000;100000;1072000;-4000;-0,3717;-28000;-2,5455;  ;   ;   ;   ;  ;972;
V67;0170;BlankoAgent;initstate;CurpPrice=972.0 Ref.Price=988,00 DownProcent=1,6194;1000;100000;1081000;12000;1,1225;-19000;-1,7273;  ;   ;   ;   ;  ;981;
V67;0171;BlankoAgent;initstate;CurpPrice=981.0 Ref.Price=985,00 DownProcent=0,4061;1000;100000;1074000;4000;0,3738;-26000;-2,3636;  ;   ;   ;   ;  ;974;
V67;0172;BlankoAgent;initstate;CurpPrice=974.0 Ref.Price=990,00 DownProcent=1,6162;1000;100000;1078000;4000;0,3724;-22000;-2,00;  ;   ;   ;   ;  ;978;
V67;0173;BlankoAgent;initstate;CurpPrice=978.0 Ref.Price=985,00 DownProcent=0,7107;1000;100000;1087000;20000;1,8744;-13000;-1,1818;  ;   ;   ;   ;  ;987;
V67;0174;BlankoAgent;initstate;CurPrice=987.0 Ref.Price=985,00 UpProcent=0,203;1000;100000;1095000;36000;3,3994;-5000;-0,4545;  ;   ;   ;   ;  ;995;
V67;0175;BlankoAgent;initstate;CurPrice=995.0 Ref.Price=976,00 UpProcent=1,9467;1000;100000;1097000;34000;3,1985;-3000;-0,2727;  ;   ;   ;   ;  ;997;
V67;0176;BlankoAgent;initstate;CurPrice=997.0 Ref.Price=975,00 UpProcent=2,2564;1000;100000;1097000;29000;2,7154;-3000;-0,2727;  ;   ;   ;   ;  ;997;
V67;0177;BlankoAgent;initstate;CurPrice=997.0 Ref.Price=972,00 UpProcent=2,572;1000;100000;1103000;33000;3,0841;3000;0,2727;  ;   ;   ;   ;  ;1003;
V67;0178;BlankoAgent;initstate;CurPrice=1003.0 Ref.Price=981,00 UpProcent=2,2426;1000;100000;1106000;26000;2,4074;6000;0,5455;  ;   ;   ;   ;  ;1006;
V67;0179;BlankoAgent;initstate;CurPrice=1006.0 Ref.Price=974,00 UpProcent=3,2854;1000;100000;1107000;30000;2,7855;7000;0,6364;  ;   ;   ;   ;  ;1007;
V67;0180;BlankoAgent;initstate;CurPrice=1007.0 Ref.Price=978,00 UpProcent=2,9652;1000;100000;1106000;20000;1,8416;6000;0,5455;  ;   ;   ;   ;  ;1006;
V67;0181;BlankoAgent;initstate;CurPrice=1006.0 Ref.Price=987,00 UpProcent=1,925;1000;100000;1127000;48000;4,4486;27000;2,4545;  ;   ;   ;   ;  ;1027;
V67;0182;BlankoAgent;initstate;CurPrice=1027.0 Ref.Price=995,00 UpProcent=3,2161;1000;100000;1116000;28000;2,5735;16000;1,4545;  ;   ;   ;   ;  ;1016;
V67;0183;BlankoAgent;initstate;CurPrice=1016.0 Ref.Price=997,00 UpProcent=1,9057;1000;100000;1120000;35000;3,2258;20000;1,8182;  ;   ;   ;   ;  ;1020;
V67;0184;BlankoAgent;initstate;CurPrice=1020.0 Ref.Price=997,00 UpProcent=2,3069;1000;100000;1112000;22000;2,0183;12000;1,0909;  ;   ;   ;   ;  ;1012;
V67;0185;BlankoAgent;initstate;CurPrice=1012.0 Ref.Price=1003,00 UpProcent=0,8973;1000;100000;1116000;31000;2,8571;16000;1,4545;  ;   ;   ;   ;  ;1016;
V67;0186;BlankoAgent;initstate;CurPrice=1016.0 Ref.Price=1006,00 UpProcent=0,994;1000;100000;1109000;24000;2,212;9000;0,8182;  ;   ;   ;   ;  ;1009;
V67;0187;BlankoAgent;initstate;CurPrice=1009.0 Ref.Price=1007,00 UpProcent=0,1986;1000;100000;1097000;21000;1,9517;-3000;-0,2727;  ;   ;   ;   ;  ;997;
V67;0188;BlankoAgent;initstate;CurpPrice=997.0 Ref.Price=1006,00 DownProcent=0,8946;1000;100000;1089000;14000;1,3023;-11000;-1,00;  ;   ;   ;   ;  ;989;
V67;0189;BlankoAgent;initstate;CurpPrice=989.0 Ref.Price=1027,00 DownProcent=3,7001;1000;100000;1089000;17000;1,5858;-11000;-1,00;  ;   ;   ;   ;  ;989;
V67;0190;BlankoAgent;initstate;CurpPrice=989.0 Ref.Price=1016,00 DownProcent=2,6575;1000;100000;1085000;4000;0,37;-15000;-1,3636;  ;   ;   ;   ;  ;985;
V67;0191;BlankoAgent;initstate;CurpPrice=985.0 Ref.Price=1020,00 DownProcent=3,4314;1000;100000;1079000;5000;0,4655;-21000;-1,9091;  ;   ;   ;   ;  ;979;
V67;0192;BlankoAgent;initstate;CurpPrice=979.0 Ref.Price=1012,00 DownProcent=3,2609;1000;100000;1078000;0;0,00;-22000;-2,00;  ;   ;   ;   ;  ;978;
V67;0193;BlankoAgent;initstate;CurpPrice=978.0 Ref.Price=1016,00 DownProcent=3,7402;1000;100000;1081000;-6000;-0,552;-19000;-1,7273;  ;   ;   ;   ;  ;981;
V67;0194;BlankoAgent;initstate;CurpPrice=981.0 Ref.Price=1009,00 DownProcent=2,775;1000;100000;1078000;-17000;-1,5525;-22000;-2,00;  ;   ;   ;   ;  ;978;
V67;0195;BlankoAgent;initstate;CurpPrice=978.0 Ref.Price=997,00 DownProcent=1,9057;1000;100000;1077000;-20000;-1,8232;-23000;-2,0909;  ;   ;   ;   ;  ;977;
V67;0196;BlankoAgent;initstate;CurpPrice=977.0 Ref.Price=989,00 DownProcent=1,2133;1000;100000;1070000;-27000;-2,4613;-30000;-2,7273;  ;   ;   ;   ;  ;970;
V67;0197;BlankoAgent;initstate;CurpPrice=970.0 Ref.Price=989,00 DownProcent=1,9211;1000;100000;1078000;-25000;-2,2665;-22000;-2,00;  ;   ;   ;   ;  ;978;
V67;0198;BlankoAgent;initstate;CurpPrice=978.0 Ref.Price=985,00 DownProcent=0,7107;1000;100000;1080000;-26000;-2,3508;-20000;-1,8182;  ;   ;   ;   ;  ;980;
V67;0199;BlankoAgent;initstate;CurPrice=980.0 Ref.Price=979,00 UpProcent=0,1021;1000;100000;1069000;-38000;-3,4327;-31000;-2,8182;  ;   ;   ;   ;  ;969;
V67;0200;BlankoAgent;initstate;CurpPrice=969.0 Ref.Price=978,00 DownProcent=0,9202;1000;100000;1073000;-33000;-2,9837;-27000;-2,4545;  ;   ;   ;   ;  ;973;
V67;0201;BlankoAgent;initstate;CurpPrice=973.0 Ref.Price=981,00 DownProcent=0,8155;1000;100000;1075000;-52000;-4,614;-25000;-2,2727;  ;   ;   ;   ;  ;975;
V67;0202;BlankoAgent;initstate;CurpPrice=975.0 Ref.Price=978,00 DownProcent=0,3067;1000;100000;1076000;-40000;-3,5842;-24000;-2,1818;  ;   ;   ;   ;  ;976;
V67;0203;BlankoAgent;initstate;CurpPrice=976.0 Ref.Price=977,00 DownProcent=0,1024;1000;100000;1073000;-47000;-4,1964;-27000;-2,4545;  ;   ;   ;   ;  ;973;
V67;0204;BlankoAgent;initstate;CurPrice=973.0 Ref.Price=970,00 UpProcent=0,3093;1000;100000;1082000;-30000;-2,6978;-18000;-1,6364;  ;   ;   ;   ;  ;982;
V67;0205;BlankoAgent;initstate;CurPrice=982.0 Ref.Price=978,00 UpProcent=0,409;1000;100000;1072000;-44000;-3,9427;-28000;-2,5455;  ;   ;   ;   ;  ;972;
V67;0206;BlankoAgent;initstate;CurpPrice=972.0 Ref.Price=980,00 DownProcent=0,8163;1000;100000;1072000;-37000;-3,3363;-28000;-2,5455;  ;   ;   ;   ;  ;972;
V67;0207;BlankoAgent;initstate;CurPrice=972.0 Ref.Price=969,00 UpProcent=0,3096;1000;100000;1070000;-27000;-2,4613;-30000;-2,7273;  ;   ;   ;   ;  ;970;
V67;0208;BlankoAgent;initstate;CurpPrice=970.0 Ref.Price=973,00 DownProcent=0,3083;1000;100000;1079000;-10000;-0,9183;-21000;-1,9091;  ;   ;   ;   ;  ;979;
V67;0209;BlankoAgent;initstate;CurPrice=979.0 Ref.Price=975,00 UpProcent=0,4103;1000;100000;1069000;-20000;-1,8365;-31000;-2,8182;  ;   ;   ;   ;  ;969;
V67;0210;BlankoAgent;initstate;CurpPrice=969.0 Ref.Price=976,00 DownProcent=0,7172;1000;100000;1068000;-17000;-1,5668;-32000;-2,9091;  ;   ;   ;   ;  ;968;
V67;0211;BlankoAgent;initstate;CurpPrice=968.0 Ref.Price=973,00 DownProcent=0,5139;1000;100000;1072000;-7000;-0,6487;-28000;-2,5455;  ;   ;   ;   ;  ;972;
V67;0212;BlankoAgent;initstate;CurpPrice=972.0 Ref.Price=982,00 DownProcent=1,0183;1000;100000;1075000;-3000;-0,2783;-25000;-2,2727;  ;   ;   ;   ;  ;975;
V67;0213;BlankoAgent;initstate;CurPrice=975.0 Ref.Price=972,00 UpProcent=0,3086;1000;100000;1082000;1000;0,0925;-18000;-1,6364;  ;   ;   ;   ;  ;982;
V67;0214;BlankoAgent;initstate;CurPrice=982.0 Ref.Price=972,00 UpProcent=1,0288;1000;100000;1089000;11000;1,0204;-11000;-1,00;  ;   ;   ;   ;  ;989;
V67;0215;BlankoAgent;initstate;CurPrice=989.0 Ref.Price=970,00 UpProcent=1,9588;1000;100000;1084000;7000;0,65;-16000;-1,4545;  ;   ;   ;   ;  ;984;
V67;0216;BlankoAgent;initstate;CurPrice=984.0 Ref.Price=979,00 UpProcent=0,5107;1000;100000;1101000;31000;2,8972;1000;0,0909;  ;   ;   ;   ;  ;1001;
V67;0217;BlankoAgent;initstate;CurPrice=1001.0 Ref.Price=969,00 UpProcent=3,3024;1000;100000;1090000;12000;1,1132;-10000;-0,9091;  ;   ;   ;   ;  ;990;
V67;0218;BlankoAgent;initstate;CurPrice=990.0 Ref.Price=968,00 UpProcent=2,2727;1000;100000;1098000;18000;1,6667;-2000;-0,1818;  ;   ;   ;   ;  ;998;
V67;0219;BlankoAgent;initstate;CurPrice=998.0 Ref.Price=972,00 UpProcent=2,6749;1000;100000;1096000;27000;2,5257;-4000;-0,3636;  ;   ;   ;   ;  ;996;
V67;0220;BlankoAgent;initstate;CurPrice=996.0 Ref.Price=975,00 UpProcent=2,1538;1000;100000;1102000;29000;2,7027;2000;0,1818;  ;   ;   ;   ;  ;1002;
V67;0221;BlankoAgent;initstate;CurPrice=1002.0 Ref.Price=982,00 UpProcent=2,0367;1000;100000;1108000;33000;3,0698;8000;0,7273;  ;   ;   ;   ;  ;1008;
V67;0222;BlankoAgent;initstate;CurPrice=1008.0 Ref.Price=989,00 UpProcent=1,9211;1000;100000;1100000;24000;2,2305;0;0,00;  ;   ;   ;   ;  ;1000;
V67;0223;BlankoAgent;initstate;CurPrice=1000.0 Ref.Price=984,00 UpProcent=1,626;1000;100000;1109000;36000;3,3551;9000;0,8182;  ;   ;   ;   ;  ;1009;
V67;0224;BlankoAgent;initstate;CurPrice=1009.0 Ref.Price=1001,00 UpProcent=0,7992;1000;100000;1103000;21000;1,9409;3000;0,2727;  ;   ;   ;   ;  ;1003;
V67;0225;BlankoAgent;initstate;CurPrice=1003.0 Ref.Price=990,00 UpProcent=1,3131;1000;100000;1096000;24000;2,2388;-4000;-0,3636;  ;   ;   ;   ;  ;996;
V67;0226;BlankoAgent;initstate;CurpPrice=996.0 Ref.Price=998,00 DownProcent=0,2004;1000;100000;1093000;21000;1,959;-7000;-0,6364;  ;   ;   ;   ;  ;993;
V67;0227;BlankoAgent;initstate;CurpPrice=993.0 Ref.Price=996,00 DownProcent=0,3012;1000;100000;1090000;20000;1,8692;-10000;-0,9091;  ;   ;   ;   ;  ;990;
V67;0228;BlankoAgent;initstate;CurpPrice=990.0 Ref.Price=1002,00 DownProcent=1,1976;1000;100000;1091000;12000;1,1121;-9000;-0,8182;  ;   ;   ;   ;  ;991;
V67;0229;BlankoAgent;initstate;CurpPrice=991.0 Ref.Price=1008,00 DownProcent=1,6865;1000;100000;1100000;31000;2,8999;0;0,00;  ;   ;   ;   ;  ;1000;
V67;0230;BlankoAgent;initstate;CurpPrice=1000.0 Ref.Price=1000,00 DownProcent=0,00;1000;100000;1096000;28000;2,6217;-4000;-0,3636;  ;   ;   ;   ;  ;996;
V67;0231;BlankoAgent;initstate;CurpPrice=996.0 Ref.Price=1009,00 DownProcent=1,2884;1000;100000;1099000;27000;2,5187;-1000;-0,0909;  ;   ;   ;   ;  ;999;
V67;0232;BlankoAgent;initstate;CurpPrice=999.0 Ref.Price=1003,00 DownProcent=0,3988;1000;100000;1098000;23000;2,1395;-2000;-0,1818;  ;   ;   ;   ;  ;998;
V67;0233;BlankoAgent;initstate;CurPrice=998.0 Ref.Price=996,00 UpProcent=0,2008;1000;100000;1097000;15000;1,3863;-3000;-0,2727;  ;   ;   ;   ;  ;997;
V67;0234;BlankoAgent;initstate;CurPrice=997.0 Ref.Price=993,00 UpProcent=0,4028;1000;100000;1090000;1000;0,0918;-10000;-0,9091;  ;   ;   ;   ;  ;990;
V67;0235;BlankoAgent;initstate;CurpPrice=990.0 Ref.Price=990,00 DownProcent=0,00;1000;100000;1084000;0;0,00;-16000;-1,4545;  ;   ;   ;   ;  ;984;
V67;0236;BlankoAgent;initstate;CurpPrice=984.0 Ref.Price=991,00 DownProcent=0,7064;1000;100000;1090000;-11000;-0,9991;-10000;-0,9091;  ;   ;   ;   ;  ;990;
V67;0237;BlankoAgent;initstate;CurpPrice=990.0 Ref.Price=1000,00 DownProcent=1,00;1000;100000;1083000;-7000;-0,6422;-17000;-1,5455;  ;   ;   ;   ;  ;983;
V67;0238;BlankoAgent;initstate;CurpPrice=983.0 Ref.Price=996,00 DownProcent=1,3052;1000;100000;1083000;-15000;-1,3661;-17000;-1,5455;  ;   ;   ;   ;  ;983;
V67;0239;BlankoAgent;initstate;CurpPrice=983.0 Ref.Price=999,00 DownProcent=1,6016;1000;100000;1078000;-18000;-1,6423;-22000;-2,00;  ;   ;   ;   ;  ;978;
V67;0240;BlankoAgent;initstate;CurpPrice=978.0 Ref.Price=998,00 DownProcent=2,004;1000;100000;1081000;-21000;-1,9056;-19000;-1,7273;  ;   ;   ;   ;  ;981;
V67;0241;BlankoAgent;initstate;CurpPrice=981.0 Ref.Price=997,00 DownProcent=1,6048;1000;100000;1079000;-29000;-2,6173;-21000;-1,9091;  ;   ;   ;   ;  ;979;
V67;0242;BlankoAgent;initstate;CurpPrice=979.0 Ref.Price=990,00 DownProcent=1,1111;1000;100000;1075000;-25000;-2,2727;-25000;-2,2727;  ;   ;   ;   ;  ;975;
V67;0243;BlankoAgent;initstate;CurpPrice=975.0 Ref.Price=984,00 DownProcent=0,9146;1000;100000;1079000;-30000;-2,7051;-21000;-1,9091;  ;   ;   ;   ;  ;979;
V67;0244;BlankoAgent;initstate;CurpPrice=979.0 Ref.Price=990,00 DownProcent=1,1111;1000;100000;1073000;-30000;-2,7199;-27000;-2,4545;  ;   ;   ;   ;  ;973;
V67;0245;BlankoAgent;initstate;CurpPrice=973.0 Ref.Price=983,00 DownProcent=1,0173;1000;100000;1066000;-30000;-2,7372;-34000;-3,0909;  ;   ;   ;   ;  ;966;
V67;0246;BlankoAgent;initstate;CurpPrice=966.0 Ref.Price=983,00 DownProcent=1,7294;1000;100000;1056000;-37000;-3,3852;-44000;-4,00;  ;   ;   ;   ;  ;956;
V67;0247;BlankoAgent;initstate;CurpPrice=956.0 Ref.Price=978,00 DownProcent=2,2495;1000;100000;1063000;-27000;-2,4771;-37000;-3,3636;  ;   ;   ;   ;  ;963;
V67;0248;BlankoAgent;initstate;CurpPrice=963.0 Ref.Price=981,00 DownProcent=1,8349;1000;100000;1057000;-34000;-3,1164;-43000;-3,9091;  ;   ;   ;   ;  ;957;
V67;0249;BlankoAgent;initstate;CurpPrice=957.0 Ref.Price=979,00 DownProcent=2,2472;1000;100000;1058000;-42000;-3,8182;-42000;-3,8182;  ;   ;   ;   ;  ;958;
V67;0250;BlankoAgent;initstate;CurpPrice=958.0 Ref.Price=975,00 DownProcent=1,7436;1000;100000;1066000;-30000;-2,7372;-34000;-3,0909;  ;   ;   ;   ;  ;966;
V67;0251;BlankoAgent;initstate;CurpPrice=966.0 Ref.Price=979,00 DownProcent=1,3279;1000;100000;1062000;-37000;-3,3667;-38000;-3,4545;  ;   ;   ;   ;  ;962;
V67;0252;BlankoAgent;initstate;CurpPrice=962.0 Ref.Price=973,00 DownProcent=1,1305;1000;100000;1062000;-36000;-3,2787;-38000;-3,4545;  ;   ;   ;   ;  ;962;
V67;0253;BlankoAgent;initstate;CurpPrice=962.0 Ref.Price=966,00 DownProcent=0,4141;1000;100000;1060000;-37000;-3,3728;-40000;-3,6364;  ;   ;   ;   ;  ;960;
V67;0254;BlankoAgent;initstate;CurPrice=960.0 Ref.Price=956,00 UpProcent=0,4184;1000;100000;1071000;-19000;-1,7431;-29000;-2,6364;  ;   ;   ;   ;  ;971;
V67;0255;BlankoAgent;initstate;CurPrice=971.0 Ref.Price=963,00 UpProcent=0,8307;1000;100000;1072000;-12000;-1,107;-28000;-2,5455;  ;   ;   ;   ;  ;972;
V67;0256;BlankoAgent;initstate;CurPrice=972.0 Ref.Price=957,00 UpProcent=1,5674;1000;100000;1073000;-17000;-1,5596;-27000;-2,4545;  ;   ;   ;   ;  ;973;
V67;0257;BlankoAgent;initstate;CurPrice=973.0 Ref.Price=958,00 UpProcent=1,5658;1000;100000;1081000;-2000;-0,1847;-19000;-1,7273;  ;   ;   ;   ;  ;981;
V67;0258;BlankoAgent;initstate;CurPrice=981.0 Ref.Price=966,00 UpProcent=1,5528;1000;100000;1080000;-3000;-0,277;-20000;-1,8182;  ;   ;   ;   ;  ;980;
V67;0259;BlankoAgent;initstate;CurPrice=980.0 Ref.Price=962,00 UpProcent=1,8711;1000;100000;1084000;6000;0,5566;-16000;-1,4545;  ;   ;   ;   ;  ;984;
V67;0260;BlankoAgent;initstate;CurPrice=984.0 Ref.Price=962,00 UpProcent=2,2869;1000;100000;1089000;8000;0,7401;-11000;-1,00;  ;   ;   ;   ;  ;989;
V67;0261;BlankoAgent;initstate;CurPrice=989.0 Ref.Price=960,00 UpProcent=3,0208;1000;100000;1096000;17000;1,5755;-4000;-0,3636;  ;   ;   ;   ;  ;996;
V67;0262;BlankoAgent;initstate;CurPrice=996.0 Ref.Price=971,00 UpProcent=2,5747;1000;100000;1102000;27000;2,5116;2000;0,1818;  ;   ;   ;   ;  ;1002;
V67;0263;BlankoAgent;initstate;CurPrice=1002.0 Ref.Price=972,00 UpProcent=3,0864;1000;100000;1096000;17000;1,5755;-4000;-0,3636;  ;   ;   ;   ;  ;996;
V67;0264;BlankoAgent;initstate;CurPrice=996.0 Ref.Price=973,00 UpProcent=2,3638;1000;100000;1095000;22000;2,0503;-5000;-0,4545;  ;   ;   ;   ;  ;995;
V67;0265;BlankoAgent;initstate;CurPrice=995.0 Ref.Price=981,00 UpProcent=1,4271;1000;100000;1095000;29000;2,7205;-5000;-0,4545;  ;   ;   ;   ;  ;995;
V67;0266;BlankoAgent;initstate;CurPrice=995.0 Ref.Price=980,00 UpProcent=1,5306;1000;100000;1104000;48000;4,5455;4000;0,3636;  ;   ;   ;   ;  ;1004;
V67;0267;BlankoAgent;initstate;CurPrice=1004.0 Ref.Price=984,00 UpProcent=2,0325;1000;100000;1097000;34000;3,1985;-3000;-0,2727;  ;   ;   ;   ;  ;997;
V67;0268;BlankoAgent;initstate;CurPrice=997.0 Ref.Price=989,00 UpProcent=0,8089;1000;100000;1096000;39000;3,6897;-4000;-0,3636;  ;   ;   ;   ;  ;996;
V67;0269;BlankoAgent;initstate;CurpPrice=996.0 Ref.Price=996,00 DownProcent=0,00;1000;100000;1101000;43000;4,0643;1000;0,0909;  ;   ;   ;   ;  ;1001;
V67;0270;BlankoAgent;initstate;CurpPrice=1001.0 Ref.Price=1002,00 DownProcent=0,0998;1000;100000;1093000;27000;2,5328;-7000;-0,6364;  ;   ;   ;   ;  ;993;
V67;0271;BlankoAgent;initstate;CurpPrice=993.0 Ref.Price=996,00 DownProcent=0,3012;1000;100000;1084000;22000;2,0716;-16000;-1,4545;  ;   ;   ;   ;  ;984;
V67;0272;BlankoAgent;initstate;CurpPrice=984.0 Ref.Price=995,00 DownProcent=1,1055;1000;100000;1091000;29000;2,7307;-9000;-0,8182;  ;   ;   ;   ;  ;991;
V67;0273;BlankoAgent;initstate;CurpPrice=991.0 Ref.Price=995,00 DownProcent=0,402;1000;100000;1093000;33000;3,1132;-7000;-0,6364;  ;   ;   ;   ;  ;993;
V67;0274;BlankoAgent;initstate;CurpPrice=993.0 Ref.Price=1004,00 DownProcent=1,0956;1000;100000;1104000;33000;3,0812;4000;0,3636;  ;   ;   ;   ;  ;1004;
V67;0275;BlankoAgent;initstate;CurPrice=1004.0 Ref.Price=997,00 UpProcent=0,7021;1000;100000;1105000;33000;3,0784;5000;0,4545;  ;   ;   ;   ;  ;1005;
V67;0276;BlankoAgent;initstate;CurPrice=1005.0 Ref.Price=996,00 UpProcent=0,9036;1000;100000;1097000;24000;2,2367;-3000;-0,2727;  ;   ;   ;   ;  ;997;
V67;0277;BlankoAgent;initstate;CurpPrice=997.0 Ref.Price=1001,00 DownProcent=0,3996;1000;100000;1099000;18000;1,6651;-1000;-0,0909;  ;   ;   ;   ;  ;999;
V67;0278;BlankoAgent;initstate;CurPrice=999.0 Ref.Price=993,00 UpProcent=0,6042;1000;100000;1101000;21000;1,9444;1000;0,0909;  ;   ;   ;   ;  ;1001;
V67;0279;BlankoAgent;initstate;CurPrice=1001.0 Ref.Price=984,00 UpProcent=1,7276;1000;100000;1102000;18000;1,6605;2000;0,1818;  ;   ;   ;   ;  ;1002;
V67;0280;BlankoAgent;initstate;CurPrice=1002.0 Ref.Price=991,00 UpProcent=1,11;1000;100000;1118000;29000;2,663;18000;1,6364;  ;   ;   ;   ;  ;1018;
V67;0281;BlankoAgent;initstate;CurPrice=1018.0 Ref.Price=993,00 UpProcent=2,5176;1000;100000;1108000;12000;1,0949;8000;0,7273;  ;   ;   ;   ;  ;1008;
V67;0282;BlankoAgent;initstate;CurPrice=1008.0 Ref.Price=1004,00 UpProcent=0,3984;1000;100000;1118000;16000;1,4519;18000;1,6364;  ;   ;   ;   ;  ;1018;
V67;0283;BlankoAgent;initstate;CurPrice=1018.0 Ref.Price=1005,00 UpProcent=1,2935;1000;100000;1118000;22000;2,0073;18000;1,6364;  ;   ;   ;   ;  ;1018;
V67;0284;BlankoAgent;initstate;CurPrice=1018.0 Ref.Price=997,00 UpProcent=2,1063;1000;100000;1121000;26000;2,3744;21000;1,9091;  ;   ;   ;   ;  ;1021;
V67;0285;BlankoAgent;initstate;CurPrice=1021.0 Ref.Price=999,00 UpProcent=2,2022;1000;100000;1120000;25000;2,2831;20000;1,8182;  ;   ;   ;   ;  ;1020;
V67;0286;BlankoAgent;initstate;CurPrice=1020.0 Ref.Price=1001,00 UpProcent=1,8981;1000;100000;1123000;19000;1,721;23000;2,0909;  ;   ;   ;   ;  ;1023;
V67;0287;BlankoAgent;initstate;CurPrice=1023.0 Ref.Price=1002,00 UpProcent=2,0958;1000;100000;1115000;18000;1,6408;15000;1,3636;  ;   ;   ;   ;  ;1015;
V67;0288;BlankoAgent;initstate;CurpPrice=1015.0 Ref.Price=1018,00 DownProcent=0,2947;1000;100000;1109000;13000;1,1861;9000;0,8182;  ;   ;   ;   ;  ;1009;
V67;0289;BlankoAgent;initstate;CurPrice=1009.0 Ref.Price=1008,00 UpProcent=0,0992;1000;100000;1103000;2000;0,1817;3000;0,2727;  ;   ;   ;   ;  ;1003;
V67;0290;BlankoAgent;initstate;CurpPrice=1003.0 Ref.Price=1018,00 DownProcent=1,4735;1000;100000;1105000;12000;1,0979;5000;0,4545;  ;   ;   ;   ;  ;1005;
V67;0291;BlankoAgent;initstate;CurpPrice=1005.0 Ref.Price=1018,00 DownProcent=1,277;1000;100000;1098000;14000;1,2915;-2000;-0,1818;  ;   ;   ;   ;  ;998;
V67;0292;BlankoAgent;initstate;CurpPrice=998.0 Ref.Price=1021,00 DownProcent=2,2527;1000;100000;1103000;12000;1,0999;3000;0,2727;  ;   ;   ;   ;  ;1003;
V67;0293;BlankoAgent;initstate;CurpPrice=1003.0 Ref.Price=1020,00 DownProcent=1,6667;1000;100000;1105000;12000;1,0979;5000;0,4545;  ;   ;   ;   ;  ;1005;
V67;0294;BlankoAgent;initstate;CurpPrice=1005.0 Ref.Price=1023,00 DownProcent=1,7595;1000;100000;1113000;9000;0,8152;13000;1,1818;  ;   ;   ;   ;  ;1013;
V67;0295;BlankoAgent;initstate;CurpPrice=1013.0 Ref.Price=1015,00 DownProcent=0,197;1000;100000;1101000;-4000;-0,362;1000;0,0909;  ;   ;   ;   ;  ;1001;
V67;0296;BlankoAgent;initstate;CurpPrice=1001.0 Ref.Price=1009,00 DownProcent=0,7929;1000;100000;1107000;10000;0,9116;7000;0,6364;  ;   ;   ;   ;  ;1007;
V67;0297;BlankoAgent;initstate;CurPrice=1007.0 Ref.Price=1003,00 UpProcent=0,3988;1000;100000;1106000;7000;0,6369;6000;0,5455;  ;   ;   ;   ;  ;1006;
V67;0298;BlankoAgent;initstate;CurPrice=1006.0 Ref.Price=1005,00 UpProcent=0,0995;1000;100000;1098000;-3000;-0,2725;-2000;-0,1818;  ;   ;   ;   ;  ;998;
V67;0299;BlankoAgent;initstate;CurpPrice=998.0 Ref.Price=998,00 DownProcent=0,00;1000;100000;1086000;-16000;-1,4519;-14000;-1,2727;  ;   ;   ;   ;  ;986;
V67;0300;BlankoAgent;initstate;CurpPrice=986.0 Ref.Price=1003,00 DownProcent=1,6949;1000;100000;1089000;-29000;-2,5939;-11000;-1,00;  ;   ;   ;   ;  ;989;
V67;0301;BlankoAgent;initstate;CurpPrice=989.0 Ref.Price=1005,00 DownProcent=1,592;1000;100000;1079000;-29000;-2,6173;-21000;-1,9091;  ;   ;   ;   ;  ;979;
V67;0302;BlankoAgent;initstate;CurpPrice=979.0 Ref.Price=1013,00 DownProcent=3,3564;1000;100000;1076000;-42000;-3,7567;-24000;-2,1818;  ;   ;   ;   ;  ;976;
V67;0303;BlankoAgent;initstate;CurpPrice=976.0 Ref.Price=1001,00 DownProcent=2,4975;1000;100000;1074000;-44000;-3,9356;-26000;-2,3636;  ;   ;   ;   ;  ;974;
V67;0304;BlankoAgent;initstate;CurpPrice=974.0 Ref.Price=1007,00 DownProcent=3,2771;1000;100000;1080000;-41000;-3,6574;-20000;-1,8182;  ;   ;   ;   ;  ;980;
V67;0305;BlankoAgent;initstate;CurpPrice=980.0 Ref.Price=1006,00 DownProcent=2,5845;1000;100000;1073000;-47000;-4,1964;-27000;-2,4545;  ;   ;   ;   ;  ;973;
V67;0306;BlankoAgent;initstate;CurpPrice=973.0 Ref.Price=998,00 DownProcent=2,505;1000;100000;1075000;-48000;-4,2743;-25000;-2,2727;  ;   ;   ;   ;  ;975;
V67;0307;BlankoAgent;initstate;CurpPrice=975.0 Ref.Price=986,00 DownProcent=1,1156;1000;100000;1067000;-48000;-4,3049;-33000;-3,00;  ;   ;   ;   ;  ;967;
V67;0308;BlankoAgent;initstate;CurpPrice=967.0 Ref.Price=989,00 DownProcent=2,2245;1000;100000;1073000;-36000;-3,2462;-27000;-2,4545;  ;   ;   ;   ;  ;973;
V67;0309;BlankoAgent;initstate;CurpPrice=973.0 Ref.Price=979,00 DownProcent=0,6129;1000;100000;1079000;-24000;-2,1759;-21000;-1,9091;  ;   ;   ;   ;  ;979;
V67;0310;BlankoAgent;initstate;CurPrice=979.0 Ref.Price=976,00 UpProcent=0,3074;1000;100000;1087000;-18000;-1,629;-13000;-1,1818;  ;   ;   ;   ;  ;987;
V67;0311;BlankoAgent;initstate;CurPrice=987.0 Ref.Price=974,00 UpProcent=1,3347;1000;100000;1081000;-17000;-1,5483;-19000;-1,7273;  ;   ;   ;   ;  ;981;
V67;0312;BlankoAgent;initstate;CurPrice=981.0 Ref.Price=980,00 UpProcent=0,102;1000;100000;1080000;-23000;-2,0852;-20000;-1,8182;  ;   ;   ;   ;  ;980;
V67;0313;BlankoAgent;initstate;CurPrice=980.0 Ref.Price=973,00 UpProcent=0,7194;1000;100000;1077000;-28000;-2,5339;-23000;-2,0909;  ;   ;   ;   ;  ;977;
V67;0314;BlankoAgent;initstate;CurPrice=977.0 Ref.Price=975,00 UpProcent=0,2051;1000;100000;1080000;-33000;-2,965;-20000;-1,8182;  ;   ;   ;   ;  ;980;
V67;0315;BlankoAgent;initstate;CurPrice=980.0 Ref.Price=967,00 UpProcent=1,3444;1000;100000;1072000;-29000;-2,634;-28000;-2,5455;  ;   ;   ;   ;  ;972;
V67;0316;BlankoAgent;initstate;CurpPrice=972.0 Ref.Price=973,00 DownProcent=0,1028;1000;100000;1072000;-35000;-3,1617;-28000;-2,5455;  ;   ;   ;   ;  ;972;
V67;0317;BlankoAgent;initstate;CurpPrice=972.0 Ref.Price=979,00 DownProcent=0,715;1000;100000;1087000;-19000;-1,7179;-13000;-1,1818;  ;   ;   ;   ;  ;987;
V67;0318;BlankoAgent;initstate;CurpPrice=987.0 Ref.Price=987,00 DownProcent=0,00;1000;100000;1085000;-13000;-1,184;-15000;-1,3636;  ;   ;   ;   ;  ;985;
V67;0319;BlankoAgent;initstate;CurPrice=985.0 Ref.Price=981,00 UpProcent=0,4077;1000;100000;1085000;-1000;-0,0921;-15000;-1,3636;  ;   ;   ;   ;  ;985;
V67;0320;BlankoAgent;initstate;CurPrice=985.0 Ref.Price=980,00 UpProcent=0,5102;1000;100000;1083000;-6000;-0,551;-17000;-1,5455;  ;   ;   ;   ;  ;983;
V67;0321;BlankoAgent;initstate;CurPrice=983.0 Ref.Price=977,00 UpProcent=0,6141;1000;100000;1078000;-1000;-0,0927;-22000;-2,00;  ;   ;   ;   ;  ;978;
V67;0322;BlankoAgent;initstate;CurpPrice=978.0 Ref.Price=980,00 DownProcent=0,2041;1000;100000;1079000;3000;0,2788;-21000;-1,9091;  ;   ;   ;   ;  ;979;
V67;0323;BlankoAgent;initstate;CurPrice=979.0 Ref.Price=972,00 UpProcent=0,7202;1000;100000;1082000;8000;0,7449;-18000;-1,6364;  ;   ;   ;   ;  ;982;
V67;0324;BlankoAgent;initstate;CurPrice=982.0 Ref.Price=972,00 UpProcent=1,0288;1000;100000;1074000;-6000;-0,5556;-26000;-2,3636;  ;   ;   ;   ;  ;974;
V67;0325;BlankoAgent;initstate;CurpPrice=974.0 Ref.Price=987,00 DownProcent=1,3171;1000;100000;1085000;12000;1,1184;-15000;-1,3636;  ;   ;   ;   ;  ;985;
V67;0326;BlankoAgent;initstate;CurpPrice=985.0 Ref.Price=985,00 DownProcent=0,00;1000;100000;1087000;12000;1,1163;-13000;-1,1818;  ;   ;   ;   ;  ;987;
V67;0327;BlankoAgent;initstate;CurPrice=987.0 Ref.Price=985,00 UpProcent=0,203;1000;100000;1096000;29000;2,7179;-4000;-0,3636;  ;   ;   ;   ;  ;996;
V67;0328;BlankoAgent;initstate;CurPrice=996.0 Ref.Price=983,00 UpProcent=1,3225;1000;100000;1095000;22000;2,0503;-5000;-0,4545;  ;   ;   ;   ;  ;995;
V67;0329;BlankoAgent;initstate;CurPrice=995.0 Ref.Price=978,00 UpProcent=1,7382;1000;100000;1095000;16000;1,4829;-5000;-0,4545;  ;   ;   ;   ;  ;995;
V67;0330;BlankoAgent;initstate;CurPrice=995.0 Ref.Price=979,00 UpProcent=1,6343;1000;100000;1096000;9000;0,828;-4000;-0,3636;  ;   ;   ;   ;  ;996;
V67;0331;BlankoAgent;initstate;CurPrice=996.0 Ref.Price=982,00 UpProcent=1,4257;1000;100000;1095000;14000;1,2951;-5000;-0,4545;  ;   ;   ;   ;  ;995;
V67;0332;BlankoAgent;initstate;CurPrice=995.0 Ref.Price=974,00 UpProcent=2,1561;1000;100000;1102000;22000;2,037;2000;0,1818;  ;   ;   ;   ;  ;1002;
V67;0333;BlankoAgent;initstate;CurPrice=1002.0 Ref.Price=985,00 UpProcent=1,7259;1000;100000;1098000;21000;1,9499;-2000;-0,1818;  ;   ;   ;   ;  ;998;
V67;0334;BlankoAgent;initstate;CurPrice=998.0 Ref.Price=987,00 UpProcent=1,1145;1000;100000;1101000;21000;1,9444;1000;0,0909;  ;   ;   ;   ;  ;1001;
V67;0335;BlankoAgent;initstate;CurPrice=1001.0 Ref.Price=996,00 UpProcent=0,502;1000;100000;1106000;34000;3,1716;6000;0,5455;  ;   ;   ;   ;  ;1006;
V67;0336;BlankoAgent;initstate;CurPrice=1006.0 Ref.Price=995,00 UpProcent=1,1055;1000;100000;1116000;44000;4,1045;16000;1,4545;  ;   ;   ;   ;  ;1016;
V67;0337;BlankoAgent;initstate;CurPrice=1016.0 Ref.Price=995,00 UpProcent=2,1106;1000;100000;1105000;18000;1,6559;5000;0,4545;  ;   ;   ;   ;  ;1005;
V67;0338;BlankoAgent;initstate;CurPrice=1005.0 Ref.Price=996,00 UpProcent=0,9036;1000;100000;1104000;19000;1,7512;4000;0,3636;  ;   ;   ;   ;  ;1004;
V67;0339;BlankoAgent;initstate;CurPrice=1004.0 Ref.Price=995,00 UpProcent=0,9045;1000;100000;1109000;24000;2,212;9000;0,8182;  ;   ;   ;   ;  ;1009;
V67;0340;BlankoAgent;initstate;CurPrice=1009.0 Ref.Price=1002,00 UpProcent=0,6986;1000;100000;1105000;22000;2,0314;5000;0,4545;  ;   ;   ;   ;  ;1005;
V67;0341;BlankoAgent;initstate;CurPrice=1005.0 Ref.Price=998,00 UpProcent=0,7014;1000;100000;1104000;26000;2,4119;4000;0,3636;  ;   ;   ;   ;  ;1004;
V67;0342;BlankoAgent;initstate;CurPrice=1004.0 Ref.Price=1001,00 UpProcent=0,2997;1000;100000;1112000;33000;3,0584;12000;1,0909;  ;   ;   ;   ;  ;1012;
V67;0343;BlankoAgent;initstate;CurPrice=1012.0 Ref.Price=1006,00 UpProcent=0,5964;1000;100000;1120000;38000;3,512;20000;1,8182;  ;   ;   ;   ;  ;1020;
V67;0344;BlankoAgent;initstate;CurPrice=1020.0 Ref.Price=1016,00 UpProcent=0,3937;1000;100000;1108000;34000;3,1657;8000;0,7273;  ;   ;   ;   ;  ;1008;
V67;0345;BlankoAgent;initstate;CurPrice=1008.0 Ref.Price=1005,00 UpProcent=0,2985;1000;100000;1108000;23000;2,1198;8000;0,7273;  ;   ;   ;   ;  ;1008;
V67;0346;BlankoAgent;initstate;CurPrice=1008.0 Ref.Price=1004,00 UpProcent=0,3984;1000;100000;1098000;11000;1,012;-2000;-0,1818;  ;   ;   ;   ;  ;998;
V67;0347;BlankoAgent;initstate;CurpPrice=998.0 Ref.Price=1009,00 DownProcent=1,0902;1000;100000;1104000;8000;0,7299;4000;0,3636;  ;   ;   ;   ;  ;1004;
V67;0348;BlankoAgent;initstate;CurpPrice=1004.0 Ref.Price=1005,00 DownProcent=0,0995;1000;100000;1104000;9000;0,8219;4000;0,3636;  ;   ;   ;   ;  ;1004;
V67;0349;BlankoAgent;initstate;CurpPrice=1004.0 Ref.Price=1004,00 DownProcent=0,00;1000;100000;1096000;1000;0,0913;-4000;-0,3636;  ;   ;   ;   ;  ;996;
V67;0350;BlankoAgent;initstate;CurpPrice=996.0 Ref.Price=1012,00 DownProcent=1,581;1000;100000;1100000;4000;0,365;0;0,00;  ;   ;   ;   ;  ;1000;
V67;0351;BlankoAgent;initstate;CurpPrice=1000.0 Ref.Price=1020,00 DownProcent=1,9608;1000;100000;1098000;3000;0,274;-2000;-0,1818;  ;   ;   ;   ;  ;998;
V67;0352;BlankoAgent;initstate;CurpPrice=998.0 Ref.Price=1008,00 DownProcent=0,9921;1000;100000;1097000;-5000;-0,4537;-3000;-0,2727;  ;   ;   ;   ;  ;997;
V67;0353;BlankoAgent;initstate;CurpPrice=997.0 Ref.Price=1008,00 DownProcent=1,0913;1000;100000;1096000;-2000;-0,1821;-4000;-0,3636;  ;   ;   ;   ;  ;996;
V67;0354;BlankoAgent;initstate;CurpPrice=996.0 Ref.Price=998,00 DownProcent=0,2004;1000;100000;1094000;-7000;-0,6358;-6000;-0,5455;  ;   ;   ;   ;  ;994;
V67;0355;BlankoAgent;initstate;CurpPrice=994.0 Ref.Price=1004,00 DownProcent=0,996;1000;100000;1090000;-16000;-1,4467;-10000;-0,9091;  ;   ;   ;   ;  ;990;
V67;0356;BlankoAgent;initstate;CurpPrice=990.0 Ref.Price=1004,00 DownProcent=1,3944;1000;100000;1092000;-24000;-2,1505;-8000;-0,7273;  ;   ;   ;   ;  ;992;
V67;0357;BlankoAgent;initstate;CurpPrice=992.0 Ref.Price=996,00 DownProcent=0,4016;1000;100000;1088000;-17000;-1,5385;-12000;-1,0909;  ;   ;   ;   ;  ;988;
V67;0358;BlankoAgent;initstate;CurpPrice=988.0 Ref.Price=1000,00 DownProcent=1,20;1000;100000;1092000;-12000;-1,087;-8000;-0,7273;  ;   ;   ;   ;  ;992;
V67;0359;BlankoAgent;initstate;CurpPrice=992.0 Ref.Price=998,00 DownProcent=0,6012;1000;100000;1093000;-16000;-1,4427;-7000;-0,6364;  ;   ;   ;   ;  ;993;
V67;0360;BlankoAgent;initstate;CurpPrice=993.0 Ref.Price=997,00 DownProcent=0,4012;1000;100000;1100000;-5000;-0,4525;0;0,00;  ;   ;   ;   ;  ;1000;
V67;0361;BlankoAgent;initstate;CurPrice=1000.0 Ref.Price=996,00 UpProcent=0,4016;1000;100000;1090000;-14000;-1,2681;-10000;-0,9091;  ;   ;   ;   ;  ;990;
V67;0362;BlankoAgent;initstate;CurpPrice=990.0 Ref.Price=994,00 DownProcent=0,4024;1000;100000;1089000;-23000;-2,0683;-11000;-1,00;  ;   ;   ;   ;  ;989;
V67;0363;BlankoAgent;initstate;CurpPrice=989.0 Ref.Price=990,00 DownProcent=0,101;1000;100000;1095000;-25000;-2,2321;-5000;-0,4545;  ;   ;   ;   ;  ;995;
V67;0364;BlankoAgent;initstate;CurPrice=995.0 Ref.Price=992,00 UpProcent=0,3024;1000;100000;1085000;-23000;-2,0758;-15000;-1,3636;  ;   ;   ;   ;  ;985;
V67;0365;BlankoAgent;initstate;CurpPrice=985.0 Ref.Price=988,00 DownProcent=0,3036;1000;100000;1090000;-18000;-1,6245;-10000;-0,9091;  ;   ;   ;   ;  ;990;
V67;0366;BlankoAgent;initstate;CurpPrice=990.0 Ref.Price=992,00 DownProcent=0,2016;1000;100000;1081000;-17000;-1,5483;-19000;-1,7273;  ;   ;   ;   ;  ;981;
V67;0367;BlankoAgent;initstate;CurpPrice=981.0 Ref.Price=993,00 DownProcent=1,2085;1000;100000;1096000;-8000;-0,7246;-4000;-0,3636;  ;   ;   ;   ;  ;996;
V67;0368;BlankoAgent;initstate;CurpPrice=996.0 Ref.Price=1000,00 DownProcent=0,40;1000;100000;1096000;-8000;-0,7246;-4000;-0,3636;  ;   ;   ;   ;  ;996;
V67;0369;BlankoAgent;initstate;CurPrice=996.0 Ref.Price=990,00 UpProcent=0,6061;1000;100000;1105000;9000;0,8212;5000;0,4545;  ;   ;   ;   ;  ;1005;
V67;0370;BlankoAgent;initstate;CurPrice=1005.0 Ref.Price=989,00 UpProcent=1,6178;1000;100000;1112000;12000;1,0909;12000;1,0909;  ;   ;   ;   ;  ;1012;
V67;0371;BlankoAgent;initstate;CurPrice=1012.0 Ref.Price=995,00 UpProcent=1,7085;1000;100000;1107000;9000;0,8197;7000;0,6364;  ;   ;   ;   ;  ;1007;
V67;0372;BlankoAgent;initstate;CurPrice=1007.0 Ref.Price=985,00 UpProcent=2,2335;1000;100000;1095000;-2000;-0,1823;-5000;-0,4545;  ;   ;   ;   ;  ;995;
V67;0373;BlankoAgent;initstate;CurPrice=995.0 Ref.Price=990,00 UpProcent=0,5051;1000;100000;1101000;5000;0,4562;1000;0,0909;  ;   ;   ;   ;  ;1001;
V67;0374;BlankoAgent;initstate;CurPrice=1001.0 Ref.Price=981,00 UpProcent=2,0387;1000;100000;1108000;14000;1,2797;8000;0,7273;  ;   ;   ;   ;  ;1008;
V67;0375;BlankoAgent;initstate;CurPrice=1008.0 Ref.Price=996,00 UpProcent=1,2048;1000;100000;1105000;15000;1,3761;5000;0,4545;  ;   ;   ;   ;  ;1005;
V67;0376;BlankoAgent;initstate;CurPrice=1005.0 Ref.Price=996,00 UpProcent=0,9036;1000;100000;1104000;12000;1,0989;4000;0,3636;  ;   ;   ;   ;  ;1004;
V67;0377;BlankoAgent;initstate;CurpPrice=1004.0 Ref.Price=1005,00 DownProcent=0,0995;1000;100000;1103000;15000;1,3787;3000;0,2727;  ;   ;   ;   ;  ;1003;
V67;0378;BlankoAgent;initstate;CurpPrice=1003.0 Ref.Price=1012,00 DownProcent=0,8893;1000;100000;1111000;19000;1,7399;11000;1,00;  ;   ;   ;   ;  ;1011;
V67;0379;BlankoAgent;initstate;CurPrice=1011.0 Ref.Price=1007,00 UpProcent=0,3972;1000;100000;1121000;28000;2,5618;21000;1,9091;  ;   ;   ;   ;  ;1021;
V67;0380;BlankoAgent;initstate;CurPrice=1021.0 Ref.Price=995,00 UpProcent=2,6131;1000;100000;1116000;16000;1,4545;16000;1,4545;  ;   ;   ;   ;  ;1016;
V67;0381;BlankoAgent;initstate;CurPrice=1016.0 Ref.Price=1001,00 UpProcent=1,4985;1000;100000;1113000;23000;2,1101;13000;1,1818;  ;   ;   ;   ;  ;1013;
V67;0382;BlankoAgent;initstate;CurPrice=1013.0 Ref.Price=1008,00 UpProcent=0,496;1000;100000;1112000;23000;2,112;12000;1,0909;  ;   ;   ;   ;  ;1012;
V67;0383;BlankoAgent;initstate;CurPrice=1012.0 Ref.Price=1005,00 UpProcent=0,6965;1000;100000;1106000;11000;1,0046;6000;0,5455;  ;   ;   ;   ;  ;1006;
V67;0384;BlankoAgent;initstate;CurPrice=1006.0 Ref.Price=1004,00 UpProcent=0,1992;1000;100000;1102000;17000;1,5668;2000;0,1818;  ;   ;   ;   ;  ;1002;
V67;0385;BlankoAgent;initstate;CurpPrice=1002.0 Ref.Price=1003,00 DownProcent=0,0997;1000;100000;1107000;17000;1,5596;7000;0,6364;  ;   ;   ;   ;  ;1007;
V67;0386;BlankoAgent;initstate;CurpPrice=1007.0 Ref.Price=1011,00 DownProcent=0,3956;1000;100000;1106000;25000;2,3127;6000;0,5455;  ;   ;   ;   ;  ;1006;
V67;0387;BlankoAgent;initstate;CurpPrice=1006.0 Ref.Price=1021,00 DownProcent=1,4691;1000;100000;1109000;13000;1,1861;9000;0,8182;  ;   ;   ;   ;  ;1009;
V67;0388;BlankoAgent;initstate;CurpPrice=1009.0 Ref.Price=1016,00 DownProcent=0,689;1000;100000;1106000;10000;0,9124;6000;0,5455;  ;   ;   ;   ;  ;1006;
V67;0389;BlankoAgent;initstate;CurpPrice=1006.0 Ref.Price=1013,00 DownProcent=0,691;1000;100000;1109000;4000;0,362;9000;0,8182;  ;   ;   ;   ;  ;1009;
V67;0390;BlankoAgent;initstate;CurpPrice=1009.0 Ref.Price=1012,00 DownProcent=0,2964;1000;100000;1102000;-10000;-0,8993;2000;0,1818;  ;   ;   ;   ;  ;1002;
V67;0391;BlankoAgent;initstate;CurpPrice=1002.0 Ref.Price=1006,00 DownProcent=0,3976;1000;100000;1094000;-13000;-1,1743;-6000;-0,5455;  ;   ;   ;   ;  ;994;
V67;0392;BlankoAgent;initstate;CurpPrice=994.0 Ref.Price=1002,00 DownProcent=0,7984;1000;100000;1095000;0;0,00;-5000;-0,4545;  ;   ;   ;   ;  ;995;
V67;0393;BlankoAgent;initstate;CurpPrice=995.0 Ref.Price=1007,00 DownProcent=1,1917;1000;100000;1094000;-7000;-0,6358;-6000;-0,5455;  ;   ;   ;   ;  ;994;
V67;0394;BlankoAgent;initstate;CurpPrice=994.0 Ref.Price=1006,00 DownProcent=1,1928;1000;100000;1082000;-26000;-2,3466;-18000;-1,6364;  ;   ;   ;   ;  ;982;
V67;0395;BlankoAgent;initstate;CurpPrice=982.0 Ref.Price=1009,00 DownProcent=2,6759;1000;100000;1082000;-23000;-2,0814;-18000;-1,6364;  ;   ;   ;   ;  ;982;
V67;0396;BlankoAgent;initstate;CurpPrice=982.0 Ref.Price=1006,00 DownProcent=2,3857;1000;100000;1076000;-28000;-2,5362;-24000;-2,1818;  ;   ;   ;   ;  ;976;
V67;0397;BlankoAgent;initstate;CurpPrice=976.0 Ref.Price=1009,00 DownProcent=3,2706;1000;100000;1084000;-19000;-1,7226;-16000;-1,4545;  ;   ;   ;   ;  ;984;
V67;0398;BlankoAgent;initstate;CurpPrice=984.0 Ref.Price=1002,00 DownProcent=1,7964;1000;100000;1073000;-38000;-3,4203;-27000;-2,4545;  ;   ;   ;   ;  ;973;
V67;0399;BlankoAgent;initstate;CurpPrice=973.0 Ref.Price=994,00 DownProcent=2,1127;1000;100000;1076000;-45000;-4,0143;-24000;-2,1818;  ;   ;   ;   ;  ;976;
V67;0400;BlankoAgent;initstate;CurpPrice=976.0 Ref.Price=995,00 DownProcent=1,9095;1000;100000;1085000;-31000;-2,7778;-15000;-1,3636;  ;   ;   ;   ;  ;985;
